 Project Type,Category,Sub Category,Model,Serial No.,UDISE Code
KYAN,NON-IT,Metal Rack for Batteries,Metal Rack,MRB_001,18050402804
KYAN,NON-IT,Metal Rack for Batteries,Metal Rack,MRB_002,18050400711
KYAN,NON-IT,Metal Rack for Batteries,Metal Rack,MRB_003,18050411903
KYAN,NON-IT,Metal Rack for Batteries,Metal Rack,MRB_004,18240401901
KYAN,NON-IT,Metal Rack for Batteries,Metal Rack,MRB_005,18050610705
KYAN,NON-IT,Metal Rack for Batteries,Metal Rack,MRB_006,18050606402
KYAN,NON-IT,Metal Rack for Batteries,Metal Rack,MRB_007,18050210403
KYAN,NON-IT,Metal Rack for Batteries,Metal Rack,MRB_008,18050210304
KYAN,NON-IT,Metal Rack for Batteries,Metal Rack,MRB_009,18050207805
KYAN,NON-IT,Metal Rack for Batteries,Metal Rack,MRB_010,18050514403
KYAN,NON-IT,Metal Rack for Batteries,Metal Rack,MRB_011,18050510404
KYAN,NON-IT,Metal Rack for Batteries,Metal Rack,MRB_012,18050104925
KYAN,NON-IT,Metal Rack for Batteries,Metal Rack,MRB_013,18050112704
KYAN,NON-IT,Metal Rack for Batteries,Metal Rack,MRB_014,18050304001
KYAN,NON-IT,Metal Rack for Batteries,Metal Rack,MRB_015,18050306106
KYAN,NON-IT,Metal Rack for Batteries,Metal Rack,MRB_016,18280603602
KYAN,NON-IT,Metal Rack for Batteries,Metal Rack,MRB_017,18280603203
KYAN,NON-IT,Metal Rack for Batteries,Metal Rack,MRB_018,18280527901
KYAN,NON-IT,Metal Rack for Batteries,Metal Rack,MRB_019,18280733902
KYAN,NON-IT,Metal Rack for Batteries,Metal Rack,MRB_020,18040416108
KYAN,NON-IT,Metal Rack for Batteries,Metal Rack,MRB_021,18040306801
KYAN,NON-IT,Metal Rack for Batteries,Metal Rack,MRB_022,18040305602
KYAN,NON-IT,Metal Rack for Batteries,Metal Rack,MRB_023,18210106902
KYAN,NON-IT,Metal Rack for Batteries,Metal Rack,MRB_024,18210111601
KYAN,NON-IT,Metal Rack for Batteries,Metal Rack,MRB_025,18210111805
KYAN,NON-IT,Metal Rack for Batteries,Metal Rack,MRB_026,18210132902
KYAN,NON-IT,Metal Rack for Batteries,Metal Rack,MRB_027,18210215505
KYAN,NON-IT,Metal Rack for Batteries,Metal Rack,MRB_028,18210312402
KYAN,NON-IT,Metal Rack for Batteries,Metal Rack,MRB_029,18210410006
KYAN,NON-IT,Metal Rack for Batteries,Metal Rack,MRB_030,18210410605
KYAN,NON-IT,Metal Rack for Batteries,Metal Rack,MRB_031,18210614403
KYAN,NON-IT,Metal Rack for Batteries,Metal Rack,MRB_032,18210709001
KYAN,NON-IT,Metal Rack for Batteries,Metal Rack,MRB_033,18210725701
KYAN,NON-IT,Metal Rack for Batteries,Metal Rack,MRB_034,18290111107
KYAN,NON-IT,Metal Rack for Batteries,Metal Rack,MRB_035,18080315003
KYAN,NON-IT,Metal Rack for Batteries,Metal Rack,MRB_036,18080306204
KYAN,NON-IT,Metal Rack for Batteries,Metal Rack,MRB_037,18080303304
KYAN,NON-IT,Metal Rack for Batteries,Metal Rack,MRB_038,18080213504
KYAN,NON-IT,Metal Rack for Batteries,Metal Rack,MRB_039,18080213802
KYAN,NON-IT,Metal Rack for Batteries,Metal Rack,MRB_040,18080221604
KYAN,NON-IT,Metal Rack for Batteries,Metal Rack,MRB_041,18080221103
KYAN,NON-IT,Metal Rack for Batteries,Metal Rack,MRB_042,18080206204
KYAN,NON-IT,Metal Rack for Batteries,Metal Rack,MRB_043,18080206305
KYAN,NON-IT,Metal Rack for Batteries,Metal Rack,MRB_044,18080113901
KYAN,NON-IT,Metal Rack for Batteries,Metal Rack,MRB_045,18080104504
KYAN,NON-IT,Metal Rack for Batteries,Metal Rack,MRB_046,18080108303
KYAN,NON-IT,Metal Rack for Batteries,Metal Rack,MRB_047,18130108901
KYAN,NON-IT,Metal Rack for Batteries,Metal Rack,MRB_048,18130243902
KYAN,NON-IT,Metal Rack for Batteries,Metal Rack,MRB_049,18130208402
KYAN,NON-IT,Metal Rack for Batteries,Metal Rack,MRB_050,18130206902
KYAN,NON-IT,Metal Rack for Batteries,Metal Rack,MRB_051,18130201702
KYAN,NON-IT,Metal Rack for Batteries,Metal Rack,MRB_052,18130251502
KYAN,NON-IT,Metal Rack for Batteries,Metal Rack,MRB_053,18130253502
KYAN,NON-IT,Metal Rack for Batteries,Metal Rack,MRB_054,18130288503
KYAN,NON-IT,Metal Rack for Batteries,Metal Rack,MRB_055,18130237002
KYAN,NON-IT,Metal Rack for Batteries,Metal Rack,MRB_056,18130246001
KYAN,NON-IT,Metal Rack for Batteries,Metal Rack,MRB_057,18020203102
KYAN,NON-IT,Metal Rack for Batteries,Metal Rack,MRB_058,18020207505
KYAN,NON-IT,Metal Rack for Batteries,Metal Rack,MRB_059,18020417302
KYAN,NON-IT,Metal Rack for Batteries,Metal Rack,MRB_060,18020401907
KYAN,NON-IT,Metal Rack for Batteries,Metal Rack,MRB_061,18020422103
KYAN,NON-IT,Metal Rack for Batteries,Metal Rack,MRB_062,18020422604
KYAN,NON-IT,Metal Rack for Batteries,Metal Rack,MRB_063,18020401902
KYAN,NON-IT,Metal Rack for Batteries,Metal Rack,MRB_064,18020334605
KYAN,NON-IT,Metal Rack for Batteries,Metal Rack,MRB_065,18020333009
KYAN,NON-IT,Metal Rack for Batteries,Metal Rack,MRB_066,18020315403
KYAN,NON-IT,Metal Rack for Batteries,Metal Rack,MRB_067,18020338903
KYAN,NON-IT,Metal Rack for Batteries,Metal Rack,MRB_068,18020317001
KYAN,NON-IT,Metal Rack for Batteries,Metal Rack,MRB_069,18020332703
KYAN,NON-IT,Metal Rack for Batteries,Metal Rack,MRB_070,18020334608
KYAN,NON-IT,Metal Rack for Batteries,Metal Rack,MRB_071,18020336002
KYAN,NON-IT,Metal Rack for Batteries,Metal Rack,MRB_072,18020339402
KYAN,NON-IT,Metal Rack for Batteries,Metal Rack,MRB_073,18020332702
KYAN,NON-IT,Metal Rack for Batteries,Metal Rack,MRB_074,18020300206
KYAN,NON-IT,Metal Rack for Batteries,Metal Rack,MRB_075,18020338409
KYAN,NON-IT,Metal Rack for Batteries,Metal Rack,MRB_076,18150106005
KYAN,NON-IT,Metal Rack for Batteries,Metal Rack,MRB_077,18150225302
KYAN,NON-IT,Metal Rack for Batteries,Metal Rack,MRB_078,18150508002
KYAN,NON-IT,Metal Rack for Batteries,Metal Rack,MRB_079,18200113902
KYAN,NON-IT,Metal Rack for Batteries,Metal Rack,MRB_080,18200105402
KYAN,NON-IT,Metal Rack for Batteries,Metal Rack,MRB_081,18200103702
KYAN,NON-IT,Metal Rack for Batteries,Metal Rack,MRB_082,18200204601
KYAN,NON-IT,Metal Rack for Batteries,Metal Rack,MRB_083,18200204703
KYAN,NON-IT,Metal Rack for Batteries,Metal Rack,MRB_084,18200212701
KYAN,NON-IT,Metal Rack for Batteries,Metal Rack,MRB_085,18200205802
KYAN,NON-IT,Metal Rack for Batteries,Metal Rack,MRB_086,18200203601
KYAN,NON-IT,Metal Rack for Batteries,Metal Rack,MRB_087,18200311409
KYAN,NON-IT,Metal Rack for Batteries,Metal Rack,MRB_088,18200302005
KYAN,NON-IT,Metal Rack for Batteries,Metal Rack,MRB_089,18200316002
KYAN,NON-IT,Metal Rack for Batteries,Metal Rack,MRB_090,18200308401
KYAN,NON-IT,Metal Rack for Batteries,Metal Rack,MRB_091,18200612002
KYAN,NON-IT,Metal Rack for Batteries,Metal Rack,MRB_092,18200504910
KYAN,NON-IT,Metal Rack for Batteries,Metal Rack,MRB_093,18030422402
KYAN,NON-IT,Metal Rack for Batteries,Metal Rack,MRB_094,18030414203
KYAN,NON-IT,Metal Rack for Batteries,Metal Rack,MRB_095,18030220201
KYAN,NON-IT,Metal Rack for Batteries,Metal Rack,MRB_096,18030204102
KYAN,NON-IT,Metal Rack for Batteries,Metal Rack,MRB_097,18030218202
KYAN,NON-IT,Metal Rack for Batteries,Metal Rack,MRB_098,18030221801
KYAN,NON-IT,Metal Rack for Batteries,Metal Rack,MRB_099,18030207702
KYAN,NON-IT,Metal Rack for Batteries,Metal Rack,MRB_100,18030221504
KYAN,NON-IT,Metal Rack for Batteries,Metal Rack,MRB_101,18030100503
KYAN,NON-IT,Metal Rack for Batteries,Metal Rack,MRB_102,18030109701
KYAN,NON-IT,Metal Rack for Batteries,Metal Rack,MRB_103,18180111408
KYAN,NON-IT,Metal Rack for Batteries,Metal Rack,MRB_104,18180104502
KYAN,NON-IT,Metal Rack for Batteries,Metal Rack,MRB_105,18180109202
KYAN,NON-IT,Metal Rack for Batteries,Metal Rack,MRB_106,18180109305
KYAN,NON-IT,Metal Rack for Batteries,Metal Rack,MRB_107,18180109706
KYAN,NON-IT,Metal Rack for Batteries,Metal Rack,MRB_108,18180110505
KYAN,NON-IT,Metal Rack for Batteries,Metal Rack,MRB_109,18180100602
KYAN,NON-IT,Metal Rack for Batteries,Metal Rack,MRB_110,18180108208
KYAN,NON-IT,Metal Rack for Batteries,Metal Rack,MRB_111,18180109205
KYAN,NON-IT,Metal Rack for Batteries,Metal Rack,MRB_112,18180104002
KYAN,NON-IT,Metal Rack for Batteries,Metal Rack,MRB_113,18180232303
KYAN,NON-IT,Metal Rack for Batteries,Metal Rack,MRB_114,18180229203
KYAN,NON-IT,Metal Rack for Batteries,Metal Rack,MRB_115,18180200404
KYAN,NON-IT,Metal Rack for Batteries,Metal Rack,MRB_116,18180230502
KYAN,NON-IT,Metal Rack for Batteries,Metal Rack,MRB_117,18180226002
KYAN,NON-IT,Metal Rack for Batteries,Metal Rack,MRB_118,18180211004
KYAN,NON-IT,Metal Rack for Batteries,Metal Rack,MRB_119,18180221903
KYAN,NON-IT,Metal Rack for Batteries,Metal Rack,MRB_120,18180205607
KYAN,NON-IT,Metal Rack for Batteries,Metal Rack,MRB_121,18180218904
KYAN,NON-IT,Metal Rack for Batteries,Metal Rack,MRB_122,18180241104
KYAN,NON-IT,Metal Rack for Batteries,Metal Rack,MRB_123,18180245901
KYAN,NON-IT,Metal Rack for Batteries,Metal Rack,MRB_124,18180230804
KYAN,NON-IT,Metal Rack for Batteries,Metal Rack,MRB_125,18180230202
KYAN,NON-IT,Metal Rack for Batteries,Metal Rack,MRB_126,18180208705
KYAN,NON-IT,Metal Rack for Batteries,Metal Rack,MRB_127,18180217103
KYAN,NON-IT,Metal Rack for Batteries,Metal Rack,MRB_128,18180208807
KYAN,NON-IT,Metal Rack for Batteries,Metal Rack,MRB_129,18180242505
KYAN,NON-IT,Metal Rack for Batteries,Metal Rack,MRB_130,18180249302
KYAN,NON-IT,Metal Rack for Batteries,Metal Rack,MRB_131,18180301004
KYAN,NON-IT,Metal Rack for Batteries,Metal Rack,MRB_132,18180312003
KYAN,NON-IT,Metal Rack for Batteries,Metal Rack,MRB_133,18180301007
KYAN,NON-IT,Metal Rack for Batteries,Metal Rack,MRB_134,18180411702
KYAN,NON-IT,Metal Rack for Batteries,Metal Rack,MRB_135,18180409801
KYAN,NON-IT,Metal Rack for Batteries,Metal Rack,MRB_136,18180404003
KYAN,NON-IT,Metal Rack for Batteries,Metal Rack,MRB_137,18180401201
KYAN,NON-IT,Metal Rack for Batteries,Metal Rack,MRB_138,18180400204
KYAN,NON-IT,Metal Rack for Batteries,Metal Rack,MRB_139,18180406206
KYAN,NON-IT,Metal Rack for Batteries,Metal Rack,MRB_140,18180400213
KYAN,NON-IT,Metal Rack for Batteries,Metal Rack,MRB_141,18180400203
KYAN,NON-IT,Metal Rack for Batteries,Metal Rack,MRB_142,18180400212
KYAN,NON-IT,Metal Rack for Batteries,Metal Rack,MRB_143,18180405012
KYAN,NON-IT,Metal Rack for Batteries,Metal Rack,MRB_144,18180402803
KYAN,NON-IT,Metal Rack for Batteries,Metal Rack,MRB_145,18230122901
KYAN,NON-IT,Metal Rack for Batteries,Metal Rack,MRB_146,18230118404
KYAN,NON-IT,Metal Rack for Batteries,Metal Rack,MRB_147,18230105907
KYAN,NON-IT,Metal Rack for Batteries,Metal Rack,MRB_148,18230121601
KYAN,NON-IT,Metal Rack for Batteries,Metal Rack,MRB_149,18230104103
KYAN,NON-IT,Metal Rack for Batteries,Metal Rack,MRB_150,18230207609
KYAN,NON-IT,Metal Rack for Batteries,Metal Rack,MRB_151,18230317001
KYAN,NON-IT,Metal Rack for Batteries,Metal Rack,MRB_152,18230305427
KYAN,NON-IT,Metal Rack for Batteries,Metal Rack,MRB_153,18300319404
KYAN,NON-IT,Metal Rack for Batteries,Metal Rack,MRB_154,18170108901
KYAN,NON-IT,Metal Rack for Batteries,Metal Rack,MRB_155,18170211101
KYAN,NON-IT,Metal Rack for Batteries,Metal Rack,MRB_156,18170219606
KYAN,NON-IT,Metal Rack for Batteries,Metal Rack,MRB_157,18170326102
KYAN,NON-IT,Metal Rack for Batteries,Metal Rack,MRB_158,18170305513
KYAN,NON-IT,Metal Rack for Batteries,Metal Rack,MRB_159,18170310202
KYAN,NON-IT,Metal Rack for Batteries,Metal Rack,MRB_160,18170316201
KYAN,NON-IT,Metal Rack for Batteries,Metal Rack,MRB_161,18170316902
KYAN,NON-IT,Metal Rack for Batteries,Metal Rack,MRB_162,18170307907
KYAN,NON-IT,Metal Rack for Batteries,Metal Rack,MRB_163,18170502005
KYAN,NON-IT,Metal Rack for Batteries,Metal Rack,MRB_164,18170502405
KYAN,NON-IT,Metal Rack for Batteries,Metal Rack,MRB_165,18170515002
KYAN,NON-IT,Metal Rack for Batteries,Metal Rack,MRB_166,18170604007
KYAN,NON-IT,Metal Rack for Batteries,Metal Rack,MRB_167,18170617402
KYAN,NON-IT,Metal Rack for Batteries,Metal Rack,MRB_168,18271100543
KYAN,NON-IT,Metal Rack for Batteries,Metal Rack,MRB_169,18271102619
KYAN,NON-IT,Metal Rack for Batteries,Metal Rack,MRB_170,18271100828
KYAN,NON-IT,Metal Rack for Batteries,Metal Rack,MRB_171,18271100536
KYAN,NON-IT,Metal Rack for Batteries,Metal Rack,MRB_172,18271101736
KYAN,NON-IT,Metal Rack for Batteries,Metal Rack,MRB_173,18060201104
KYAN,NON-IT,Metal Rack for Batteries,Metal Rack,MRB_174,18060210701
KYAN,NON-IT,Metal Rack for Batteries,Metal Rack,MRB_175,18060203303
KYAN,NON-IT,Metal Rack for Batteries,Metal Rack,MRB_176,18060210402
KYAN,NON-IT,Metal Rack for Batteries,Metal Rack,MRB_177,18060322105
KYAN,NON-IT,Metal Rack for Batteries,Metal Rack,MRB_178,18060505405
KYAN,NON-IT,Metal Rack for Batteries,Metal Rack,MRB_179,18060706102
KYAN,NON-IT,Metal Rack for Batteries,Metal Rack,MRB_180,18060606102
KYAN,NON-IT,Metal Rack for Batteries,Metal Rack,MRB_181,18061005508
KYAN,NON-IT,Metal Rack for Batteries,Metal Rack,MRB_182,18061001001
KYAN,NON-IT,Metal Rack for Batteries,Metal Rack,MRB_183,18060907908
KYAN,NON-IT,Metal Rack for Batteries,Metal Rack,MRB_184,18190206203
KYAN,NON-IT,Metal Rack for Batteries,Metal Rack,MRB_185,18190215201
KYAN,NON-IT,Metal Rack for Batteries,Metal Rack,MRB_186,18190203504
KYAN,NON-IT,Metal Rack for Batteries,Metal Rack,MRB_187,18190202904
KYAN,NON-IT,Metal Rack for Batteries,Metal Rack,MRB_188,18190210012
KYAN,NON-IT,Metal Rack for Batteries,Metal Rack,MRB_189,18190208319
KYAN,NON-IT,Metal Rack for Batteries,Metal Rack,MRB_190,18190202603
KYAN,NON-IT,Metal Rack for Batteries,Metal Rack,MRB_191,18190422001
KYAN,NON-IT,Metal Rack for Batteries,Metal Rack,MRB_192,18190421905
KYAN,NON-IT,Metal Rack for Batteries,Metal Rack,MRB_193,18190416903
KYAN,NON-IT,Metal Rack for Batteries,Metal Rack,MRB_194,18190414404
KYAN,NON-IT,Metal Rack for Batteries,Metal Rack,MRB_195,18190415204
KYAN,NON-IT,Metal Rack for Batteries,Metal Rack,MRB_196,18190408603
KYAN,NON-IT,Metal Rack for Batteries,Metal Rack,MRB_197,18190412003
KYAN,NON-IT,Metal Rack for Batteries,Metal Rack,MRB_198,18190403304
KYAN,NON-IT,Metal Rack for Batteries,Metal Rack,MRB_199,18190408605
KYAN,NON-IT,Metal Rack for Batteries,Metal Rack,MRB_200,18190412702
KYAN,NON-IT,Metal Rack for Batteries,Metal Rack,MRB_201,18190407603
KYAN,NON-IT,Metal Rack for Batteries,Metal Rack,MRB_202,18190407307
KYAN,NON-IT,Metal Rack for Batteries,Metal Rack,MRB_203,18190421601
KYAN,NON-IT,Metal Rack for Batteries,Metal Rack,MRB_204,18190421402
KYAN,NON-IT,Metal Rack for Batteries,Metal Rack,MRB_205,18190516801
KYAN,NON-IT,Metal Rack for Batteries,Metal Rack,MRB_206,18190501503
KYAN,NON-IT,Metal Rack for Batteries,Metal Rack,MRB_207,18190517001
KYAN,NON-IT,Metal Rack for Batteries,Metal Rack,MRB_208,18190519501
KYAN,NON-IT,Metal Rack for Batteries,Metal Rack,MRB_209,18190507802
KYAN,NON-IT,Metal Rack for Batteries,Metal Rack,MRB_210,18190505302
KYAN,NON-IT,Metal Rack for Batteries,Metal Rack,MRB_211,18190501407
KYAN,NON-IT,Metal Rack for Batteries,Metal Rack,MRB_212,18190517101
KYAN,NON-IT,Metal Rack for Batteries,Metal Rack,MRB_213,18190601238
KYAN,NON-IT,Metal Rack for Batteries,Metal Rack,MRB_214,18190606302
KYAN,NON-IT,Metal Rack for Batteries,Metal Rack,MRB_215,18190917909
KYAN,NON-IT,Metal Rack for Batteries,Metal Rack,MRB_216,18190906202
KYAN,NON-IT,Metal Rack for Batteries,Metal Rack,MRB_217,18220204504
KYAN,NON-IT,Metal Rack for Batteries,Metal Rack,MRB_218,18220319002
KYAN,NON-IT,Metal Rack for Batteries,Metal Rack,MRB_219,18220323305
KYAN,NON-IT,Metal Rack for Batteries,Metal Rack,MRB_220,18220310303
KYAN,NON-IT,Metal Rack for Batteries,Metal Rack,MRB_221,18220310021
KYAN,NON-IT,Metal Rack for Batteries,Metal Rack,MRB_222,18220334304
KYAN,NON-IT,Metal Rack for Batteries,Metal Rack,MRB_223,18220314208
KYAN,NON-IT,Metal Rack for Batteries,Metal Rack,MRB_224,18220409307
KYAN,NON-IT,Metal Rack for Batteries,Metal Rack,MRB_225,18220500101
KYAN,NON-IT,Metal Rack for Batteries,Metal Rack,MRB_226,18220521106
KYAN,NON-IT,Metal Rack for Batteries,Metal Rack,MRB_227,18120202907
KYAN,NON-IT,Metal Rack for Batteries,Metal Rack,MRB_228,18120405912
KYAN,NON-IT,Metal Rack for Batteries,Metal Rack,MRB_229,18120406215
KYAN,NON-IT,Metal Rack for Batteries,Metal Rack,MRB_230,18120416008
KYAN,NON-IT,Metal Rack for Batteries,Metal Rack,MRB_231,18120516615
KYAN,NON-IT,Metal Rack for Batteries,Metal Rack,MRB_232,18120518504
KYAN,NON-IT,Metal Rack for Batteries,Metal Rack,MRB_233,18120505001
KYAN,NON-IT,Metal Rack for Batteries,Metal Rack,MRB_234,18120516107
KYAN,NON-IT,Metal Rack for Batteries,Metal Rack,MRB_235,18120500107
KYAN,NON-IT,Metal Rack for Batteries,Metal Rack,MRB_236,18120516303
KYAN,NON-IT,Metal Rack for Batteries,Metal Rack,MRB_237,18120516502
KYAN,NON-IT,Metal Rack for Batteries,Metal Rack,MRB_238,18120514303
KYAN,NON-IT,Metal Rack for Batteries,Metal Rack,MRB_239,18120516410
KYAN,NON-IT,Metal Rack for Batteries,Metal Rack,MRB_240,18120617205
KYAN,NON-IT,Metal Rack for Batteries,Metal Rack,MRB_241,18120602309
KYAN,NON-IT,Metal Rack for Batteries,Metal Rack,MRB_242,18120602305
KYAN,NON-IT,Metal Rack for Batteries,Metal Rack,MRB_243,18120602501
KYAN,NON-IT,Metal Rack for Batteries,Metal Rack,MRB_244,18310401503
KYAN,NON-IT,Metal Rack for Batteries,Metal Rack,MRB_245,18310434106
KYAN,NON-IT,Metal Rack for Batteries,Metal Rack,MRB_246,18310414603
KYAN,NON-IT,Metal Rack for Batteries,Metal Rack,MRB_247,18310402414
KYAN,NON-IT,Metal Rack for Batteries,Metal Rack,MRB_248,18310402501
KYAN,NON-IT,Metal Rack for Batteries,Metal Rack,MRB_249,18310413308
KYAN,NON-IT,Metal Rack for Batteries,Metal Rack,MRB_250,18310407201
KYAN,NON-IT,Metal Rack for Batteries,Metal Rack,MRB_251,18310405302
KYAN,NON-IT,Metal Rack for Batteries,Metal Rack,MRB_252,18310413502
KYAN,NON-IT,Metal Rack for Batteries,Metal Rack,MRB_253,18310416603
KYAN,NON-IT,Metal Rack for Batteries,Metal Rack,MRB_254,18310413211
KYAN,NON-IT,Metal Rack for Batteries,Metal Rack,MRB_255,18310416004
KYAN,NON-IT,Metal Rack for Batteries,Metal Rack,MRB_256,18310400503
KYAN,NON-IT,Metal Rack for Batteries,Metal Rack,MRB_257,18310404606
KYAN,NON-IT,Metal Rack for Batteries,Metal Rack,MRB_258,18310427007
KYAN,NON-IT,Metal Rack for Batteries,Metal Rack,MRB_259,18310427205
KYAN,NON-IT,Metal Rack for Batteries,Metal Rack,MRB_260,18310429904
KYAN,NON-IT,Metal Rack for Batteries,Metal Rack,MRB_261,18310406505
KYAN,NON-IT,Metal Rack for Batteries,Metal Rack,MRB_262,18310409406
KYAN,NON-IT,Metal Rack for Batteries,Metal Rack,MRB_263,18310407804
KYAN,NON-IT,Metal Rack for Batteries,Metal Rack,MRB_264,18310409605
KYAN,NON-IT,Metal Rack for Batteries,Metal Rack,MRB_265,18310413105
KYAN,NON-IT,Metal Rack for Batteries,Metal Rack,MRB_266,18310433402
KYAN,NON-IT,Metal Rack for Batteries,Metal Rack,MRB_267,18310433304
KYAN,NON-IT,Metal Rack for Batteries,Metal Rack,MRB_268,18310413218
KYAN,NON-IT,Metal Rack for Batteries,Metal Rack,MRB_269,18310425002
KYAN,NON-IT,Metal Rack for Batteries,Metal Rack,MRB_270,18090404601
KYAN,NON-IT,Metal Rack for Batteries,Metal Rack,MRB_271,18090405802
KYAN,NON-IT,Metal Rack for Batteries,Metal Rack,MRB_272,18090301007
KYAN,NON-IT,Metal Rack for Batteries,Metal Rack,MRB_273,18100616205
KYAN,NON-IT,Metal Rack for Batteries,Metal Rack,MRB_274,18100620903
KYAN,NON-IT,Metal Rack for Batteries,Metal Rack,MRB_275,18100602004
KYAN,NON-IT,Metal Rack for Batteries,Metal Rack,MRB_276,18101003402
KYAN,NON-IT,Metal Rack for Batteries,Metal Rack,MRB_277,18070102001
KYAN,NON-IT,Metal Rack for Batteries,Metal Rack,MRB_278,18070102303
KYAN,NON-IT,Metal Rack for Batteries,Metal Rack,MRB_279,18070400408
KYAN,NON-IT,Metal Rack for Batteries,Metal Rack,MRB_280,18070211001
KYAN,NON-IT,Metal Rack for Batteries,Metal Rack,MRB_281,18070217610
KYAN,NON-IT,Metal Rack for Batteries,Metal Rack,MRB_282,18070209203
KYAN,NON-IT,Metal Rack for Batteries,Metal Rack,MRB_283,18070200901
KYAN,NON-IT,Metal Rack for Batteries,Metal Rack,MRB_284,18070208801
KYAN,NON-IT,Metal Rack for Batteries,Metal Rack,MRB_285,18070207502
KYAN,NON-IT,Metal Rack for Batteries,Metal Rack,MRB_286,18070203404
KYAN,NON-IT,Metal Rack for Batteries,Metal Rack,MRB_287,18070212806
KYAN,NON-IT,Metal Rack for Batteries,Metal Rack,MRB_288,18160310803
KYAN,NON-IT,Metal Rack for Batteries,Metal Rack,MRB_289,18160214101
KYAN,NON-IT,Metal Rack for Batteries,Metal Rack,MRB_290,18160210511
KYAN,NON-IT,Metal Rack for Batteries,Metal Rack,MRB_291,18160210506
KYAN,NON-IT,Metal Rack for Batteries,Metal Rack,MRB_292,18160223202
KYAN,NON-IT,Metal Rack for Batteries,Metal Rack,MRB_293,18160412001
KYAN,NON-IT,Metal Rack for Batteries,Metal Rack,MRB_294,18160408504
KYAN,NON-IT,Metal Rack for Batteries,Metal Rack,MRB_295,18160606404
KYAN,NON-IT,Metal Rack for Batteries,Metal Rack,MRB_296,18160603706
KYAN,NON-IT,Metal Rack for Batteries,Metal Rack,MRB_297,18160614506
KYAN,NON-IT,Metal Rack for Batteries,Metal Rack,MRB_298,18110306702
KYAN,NON-IT,Metal Rack for Batteries,Metal Rack,MRB_299,18110306909
KYAN,NON-IT,Metal Rack for Batteries,Metal Rack,MRB_300,18110300407
KYAN,NON-IT,Metal Rack for Batteries,Metal Rack,MRB_301,18110206002
KYAN,NON-IT,Metal Rack for Batteries,Metal Rack,MRB_302,18110210106
KYAN,NON-IT,Metal Rack for Batteries,Metal Rack,MRB_303,18110208807
KYAN,NON-IT,Metal Rack for Batteries,Metal Rack,MRB_304,18110115304
KYAN,NON-IT,Metal Rack for Batteries,Metal Rack,MRB_305,18110103001
KYAN,NON-IT,Metal Rack for Batteries,Metal Rack,MRB_306,18320711605
KYAN,NON-IT,Metal Rack for Batteries,Metal Rack,MRB_307,18320717305
KYAN,NON-IT,Metal Rack for Batteries,Metal Rack,MRB_308,18240126908
KYAN,NON-IT,Metal Rack for Batteries,Metal Rack,MRB_309,18240117601
KYAN,NON-IT,Metal Rack for Batteries,Metal Rack,MRB_310,18140100107
KYAN,NON-IT,Metal Rack for Batteries,Metal Rack,MRB_311,18140118111
KYAN,NON-IT,Metal Rack for Batteries,Metal Rack,MRB_312,18140118110
KYAN,NON-IT,Metal Rack for Batteries,Metal Rack,MRB_313,18140101404
KYAN,NON-IT,Metal Rack for Batteries,Metal Rack,MRB_314,18140101709
KYAN,NON-IT,Metal Rack for Batteries,Metal Rack,MRB_315,18140241802
KYAN,NON-IT,Metal Rack for Batteries,Metal Rack,MRB_316,18140323803
KYAN,NON-IT,Metal Rack for Batteries,Metal Rack,MRB_317,18140501302
KYAN,NON-IT,Metal Rack for Batteries,Metal Rack,MRB_318,18260115702
KYAN,NON-IT,Metal Rack for Batteries,Metal Rack,MRB_319,18260316310
KYAN,NON-IT,Metal Rack for Batteries,Metal Rack,MRB_320,18330723502
KYAN,NON-IT,Metal Rack for Batteries,Metal Rack,MRB_321,18330703004
KYAN,NON-IT,Metal Rack for Batteries,Metal Rack,MRB_322,18330705802
KYAN,NON-IT,Metal Rack for Batteries,Metal Rack,MRB_323,18331006903
KYAN,NON-IT,Metal Rack for Batteries,Metal Rack,MRB_324,18331005102
KYAN,NON-IT,Metal Rack for Batteries,Metal Rack,MRB_325,18331003203
KYAN,NON-IT,Metal Rack for Batteries,Metal Rack,MRB_326,18331003802
KYAN,NON-IT,Metal Rack for Batteries,Metal Rack,MRB_327,18331006904
KYAN,NON-IT,Metal Rack for Batteries,Metal Rack,MRB_328,18331003208
KYAN,NON-IT,Metal Rack for Batteries,Metal Rack,MRB_329,18331006803
KYAN,NON-IT,Metal Rack for Batteries,Metal Rack,MRB_330,18331004602
KYAN,NON-IT,Metal Rack for Batteries,Metal Rack,MRB_331,18331003002
KYAN,NON-IT,Metal Rack for Batteries,Metal Rack,MRB_332,18050606402
KYAN,NON-IT,Metal Rack for Batteries,Metal Rack,MRB_333,18050210403
KYAN,NON-IT,Metal Rack for Batteries,Metal Rack,MRB_334,18050207805
KYAN,NON-IT,Metal Rack for Batteries,Metal Rack,MRB_335,18050305904
KYAN,NON-IT,Metal Rack for Batteries,Metal Rack,MRB_336,18280733902
KYAN,NON-IT,Metal Rack for Batteries,Metal Rack,MRB_337,18040416108
KYAN,NON-IT,Metal Rack for Batteries,Metal Rack,MRB_338,18040305602
KYAN,NON-IT,Metal Rack for Batteries,Metal Rack,MRB_339,18210111805
KYAN,NON-IT,Metal Rack for Batteries,Metal Rack,MRB_340,18210132902
KYAN,NON-IT,Metal Rack for Batteries,Metal Rack,MRB_341,18210410006
KYAN,NON-IT,Metal Rack for Batteries,Metal Rack,MRB_342,18210410605
KYAN,NON-IT,Metal Rack for Batteries,Metal Rack,MRB_343,18210725701
KYAN,NON-IT,Metal Rack for Batteries,Metal Rack,MRB_344,18080315003
KYAN,NON-IT,Metal Rack for Batteries,Metal Rack,MRB_345,18080306204
KYAN,NON-IT,Metal Rack for Batteries,Metal Rack,MRB_346,18080303304
KYAN,NON-IT,Metal Rack for Batteries,Metal Rack,MRB_347,18080213504
KYAN,NON-IT,Metal Rack for Batteries,Metal Rack,MRB_348,18080221604
KYAN,NON-IT,Metal Rack for Batteries,Metal Rack,MRB_349,18080221103
KYAN,NON-IT,Metal Rack for Batteries,Metal Rack,MRB_350,18080206204
KYAN,NON-IT,Metal Rack for Batteries,Metal Rack,MRB_351,18080206305
KYAN,NON-IT,Metal Rack for Batteries,Metal Rack,MRB_352,18080113901
KYAN,NON-IT,Metal Rack for Batteries,Metal Rack,MRB_353,18130243902
KYAN,NON-IT,Metal Rack for Batteries,Metal Rack,MRB_354,18130251502
KYAN,NON-IT,Metal Rack for Batteries,Metal Rack,MRB_355,18130253502
KYAN,NON-IT,Metal Rack for Batteries,Metal Rack,MRB_356,18130288503
KYAN,NON-IT,Metal Rack for Batteries,Metal Rack,MRB_357,18130237002
KYAN,NON-IT,Metal Rack for Batteries,Metal Rack,MRB_358,18130246001
KYAN,NON-IT,Metal Rack for Batteries,Metal Rack,MRB_359,18020203102
KYAN,NON-IT,Metal Rack for Batteries,Metal Rack,MRB_360,18020422103
KYAN,NON-IT,Metal Rack for Batteries,Metal Rack,MRB_361,18020422604
KYAN,NON-IT,Metal Rack for Batteries,Metal Rack,MRB_362,18020401902
KYAN,NON-IT,Metal Rack for Batteries,Metal Rack,MRB_363,18020333009
KYAN,NON-IT,Metal Rack for Batteries,Metal Rack,MRB_364,18020315403
KYAN,NON-IT,Metal Rack for Batteries,Metal Rack,MRB_365,18020317001
KYAN,NON-IT,Metal Rack for Batteries,Metal Rack,MRB_366,18020334608
KYAN,NON-IT,Metal Rack for Batteries,Metal Rack,MRB_367,18020332702
KYAN,NON-IT,Metal Rack for Batteries,Metal Rack,MRB_368,18150225302
KYAN,NON-IT,Metal Rack for Batteries,Metal Rack,MRB_369,18200113902
KYAN,NON-IT,Metal Rack for Batteries,Metal Rack,MRB_370,18200103702
KYAN,NON-IT,Metal Rack for Batteries,Metal Rack,MRB_371,18200204703
KYAN,NON-IT,Metal Rack for Batteries,Metal Rack,MRB_372,18200205802
KYAN,NON-IT,Metal Rack for Batteries,Metal Rack,MRB_373,18200203601
KYAN,NON-IT,Metal Rack for Batteries,Metal Rack,MRB_374,18200302005
KYAN,NON-IT,Metal Rack for Batteries,Metal Rack,MRB_375,18200612002
KYAN,NON-IT,Metal Rack for Batteries,Metal Rack,MRB_376,18200504910
KYAN,NON-IT,Metal Rack for Batteries,Metal Rack,MRB_377,18030414203
KYAN,NON-IT,Metal Rack for Batteries,Metal Rack,MRB_378,18030220201
KYAN,NON-IT,Metal Rack for Batteries,Metal Rack,MRB_379,18030207702
KYAN,NON-IT,Metal Rack for Batteries,Metal Rack,MRB_380,18030221504
KYAN,NON-IT,Metal Rack for Batteries,Metal Rack,MRB_381,18030100503
KYAN,NON-IT,Metal Rack for Batteries,Metal Rack,MRB_382,18030109701
KYAN,NON-IT,Metal Rack for Batteries,Metal Rack,MRB_383,18180110505
KYAN,NON-IT,Metal Rack for Batteries,Metal Rack,MRB_384,18180100602
KYAN,NON-IT,Metal Rack for Batteries,Metal Rack,MRB_385,18180108208
KYAN,NON-IT,Metal Rack for Batteries,Metal Rack,MRB_386,18180109205
KYAN,NON-IT,Metal Rack for Batteries,Metal Rack,MRB_387,18180104002
KYAN,NON-IT,Metal Rack for Batteries,Metal Rack,MRB_388,18180205607
KYAN,NON-IT,Metal Rack for Batteries,Metal Rack,MRB_389,18180218904
KYAN,NON-IT,Metal Rack for Batteries,Metal Rack,MRB_390,18180241104
KYAN,NON-IT,Metal Rack for Batteries,Metal Rack,MRB_391,18180245901
KYAN,NON-IT,Metal Rack for Batteries,Metal Rack,MRB_392,18180230804
KYAN,NON-IT,Metal Rack for Batteries,Metal Rack,MRB_393,18180230202
KYAN,NON-IT,Metal Rack for Batteries,Metal Rack,MRB_394,18180208705
KYAN,NON-IT,Metal Rack for Batteries,Metal Rack,MRB_395,18180217103
KYAN,NON-IT,Metal Rack for Batteries,Metal Rack,MRB_396,18180208807
KYAN,NON-IT,Metal Rack for Batteries,Metal Rack,MRB_397,18180242505
KYAN,NON-IT,Metal Rack for Batteries,Metal Rack,MRB_398,18180249302
KYAN,NON-IT,Metal Rack for Batteries,Metal Rack,MRB_399,18180312003
KYAN,NON-IT,Metal Rack for Batteries,Metal Rack,MRB_400,18180301007
KYAN,NON-IT,Metal Rack for Batteries,Metal Rack,MRB_401,18180400213
KYAN,NON-IT,Metal Rack for Batteries,Metal Rack,MRB_402,18180400203
KYAN,NON-IT,Metal Rack for Batteries,Metal Rack,MRB_403,18180400212
KYAN,NON-IT,Metal Rack for Batteries,Metal Rack,MRB_404,18180405012
KYAN,NON-IT,Metal Rack for Batteries,Metal Rack,MRB_405,18180402803
KYAN,NON-IT,Metal Rack for Batteries,Metal Rack,MRB_406,18230121601
KYAN,NON-IT,Metal Rack for Batteries,Metal Rack,MRB_407,18230207609
KYAN,NON-IT,Metal Rack for Batteries,Metal Rack,MRB_408,18230305427
KYAN,NON-IT,Metal Rack for Batteries,Metal Rack,MRB_409,18170108901
KYAN,NON-IT,Metal Rack for Batteries,Metal Rack,MRB_410,18170211101
KYAN,NON-IT,Metal Rack for Batteries,Metal Rack,MRB_411,18170219606
KYAN,NON-IT,Metal Rack for Batteries,Metal Rack,MRB_412,18170305513
KYAN,NON-IT,Metal Rack for Batteries,Metal Rack,MRB_413,18170316201
KYAN,NON-IT,Metal Rack for Batteries,Metal Rack,MRB_414,18170316902
KYAN,NON-IT,Metal Rack for Batteries,Metal Rack,MRB_415,18170307907
KYAN,NON-IT,Metal Rack for Batteries,Metal Rack,MRB_416,18170515002
KYAN,NON-IT,Metal Rack for Batteries,Metal Rack,MRB_417,18170604007
KYAN,NON-IT,Metal Rack for Batteries,Metal Rack,MRB_418,18170617402
KYAN,NON-IT,Metal Rack for Batteries,Metal Rack,MRB_419,18271100543
KYAN,NON-IT,Metal Rack for Batteries,Metal Rack,MRB_420,18060210701
KYAN,NON-IT,Metal Rack for Batteries,Metal Rack,MRB_421,18060322105
KYAN,NON-IT,Metal Rack for Batteries,Metal Rack,MRB_422,18060606102
KYAN,NON-IT,Metal Rack for Batteries,Metal Rack,MRB_423,18060907908
KYAN,NON-IT,Metal Rack for Batteries,Metal Rack,MRB_424,18190210012
KYAN,NON-IT,Metal Rack for Batteries,Metal Rack,MRB_425,18190208319
KYAN,NON-IT,Metal Rack for Batteries,Metal Rack,MRB_426,18190202603
KYAN,NON-IT,Metal Rack for Batteries,Metal Rack,MRB_427,18190414404
KYAN,NON-IT,Metal Rack for Batteries,Metal Rack,MRB_428,18190412003
KYAN,NON-IT,Metal Rack for Batteries,Metal Rack,MRB_429,18190403304
KYAN,NON-IT,Metal Rack for Batteries,Metal Rack,MRB_430,18190412702
KYAN,NON-IT,Metal Rack for Batteries,Metal Rack,MRB_431,18190407603
KYAN,NON-IT,Metal Rack for Batteries,Metal Rack,MRB_432,18190407307
KYAN,NON-IT,Metal Rack for Batteries,Metal Rack,MRB_433,18190421601
KYAN,NON-IT,Metal Rack for Batteries,Metal Rack,MRB_434,18190421402
KYAN,NON-IT,Metal Rack for Batteries,Metal Rack,MRB_435,18190516801
KYAN,NON-IT,Metal Rack for Batteries,Metal Rack,MRB_436,18190501503
KYAN,NON-IT,Metal Rack for Batteries,Metal Rack,MRB_437,18190505302
KYAN,NON-IT,Metal Rack for Batteries,Metal Rack,MRB_438,18190501407
KYAN,NON-IT,Metal Rack for Batteries,Metal Rack,MRB_439,18190517101
KYAN,NON-IT,Metal Rack for Batteries,Metal Rack,MRB_440,18190601238
KYAN,NON-IT,Metal Rack for Batteries,Metal Rack,MRB_441,18190917909
KYAN,NON-IT,Metal Rack for Batteries,Metal Rack,MRB_442,18190906202
KYAN,NON-IT,Metal Rack for Batteries,Metal Rack,MRB_443,18220204504
KYAN,NON-IT,Metal Rack for Batteries,Metal Rack,MRB_444,18220323305
KYAN,NON-IT,Metal Rack for Batteries,Metal Rack,MRB_445,18220310303
KYAN,NON-IT,Metal Rack for Batteries,Metal Rack,MRB_446,18220310021
KYAN,NON-IT,Metal Rack for Batteries,Metal Rack,MRB_447,18220334304
KYAN,NON-IT,Metal Rack for Batteries,Metal Rack,MRB_448,18220314208
KYAN,NON-IT,Metal Rack for Batteries,Metal Rack,MRB_449,18220409307
KYAN,NON-IT,Metal Rack for Batteries,Metal Rack,MRB_450,18220521106
KYAN,NON-IT,Metal Rack for Batteries,Metal Rack,MRB_451,18120405912
KYAN,NON-IT,Metal Rack for Batteries,Metal Rack,MRB_452,18120406215
KYAN,NON-IT,Metal Rack for Batteries,Metal Rack,MRB_453,18120416008
KYAN,NON-IT,Metal Rack for Batteries,Metal Rack,MRB_454,18120516615
KYAN,NON-IT,Metal Rack for Batteries,Metal Rack,MRB_455,18120505001
KYAN,NON-IT,Metal Rack for Batteries,Metal Rack,MRB_456,18120516107
KYAN,NON-IT,Metal Rack for Batteries,Metal Rack,MRB_457,18120516410
KYAN,NON-IT,Metal Rack for Batteries,Metal Rack,MRB_458,18120602309
KYAN,NON-IT,Metal Rack for Batteries,Metal Rack,MRB_459,18120602305
KYAN,NON-IT,Metal Rack for Batteries,Metal Rack,MRB_460,18120602501
KYAN,NON-IT,Metal Rack for Batteries,Metal Rack,MRB_461,18310401503
KYAN,NON-IT,Metal Rack for Batteries,Metal Rack,MRB_462,18310427007
KYAN,NON-IT,Metal Rack for Batteries,Metal Rack,MRB_463,18310427205
KYAN,NON-IT,Metal Rack for Batteries,Metal Rack,MRB_464,18310429904
KYAN,NON-IT,Metal Rack for Batteries,Metal Rack,MRB_465,18310406505
KYAN,NON-IT,Metal Rack for Batteries,Metal Rack,MRB_466,18310409406
KYAN,NON-IT,Metal Rack for Batteries,Metal Rack,MRB_467,18310407804
KYAN,NON-IT,Metal Rack for Batteries,Metal Rack,MRB_468,18310409605
KYAN,NON-IT,Metal Rack for Batteries,Metal Rack,MRB_469,18310413105
KYAN,NON-IT,Metal Rack for Batteries,Metal Rack,MRB_470,18310433402
KYAN,NON-IT,Metal Rack for Batteries,Metal Rack,MRB_471,18310433304
KYAN,NON-IT,Metal Rack for Batteries,Metal Rack,MRB_472,18310413218
KYAN,NON-IT,Metal Rack for Batteries,Metal Rack,MRB_473,18090404601
KYAN,NON-IT,Metal Rack for Batteries,Metal Rack,MRB_474,18090301007
KYAN,NON-IT,Metal Rack for Batteries,Metal Rack,MRB_475,18100616205
KYAN,NON-IT,Metal Rack for Batteries,Metal Rack,MRB_476,18100602004
KYAN,NON-IT,Metal Rack for Batteries,Metal Rack,MRB_477,18070102001
KYAN,NON-IT,Metal Rack for Batteries,Metal Rack,MRB_478,18070102303
KYAN,NON-IT,Metal Rack for Batteries,Metal Rack,MRB_479,18160210511
KYAN,NON-IT,Metal Rack for Batteries,Metal Rack,MRB_480,18160210506
KYAN,NON-IT,Metal Rack for Batteries,Metal Rack,MRB_481,18160223202
KYAN,NON-IT,Metal Rack for Batteries,Metal Rack,MRB_482,18160408504
KYAN,NON-IT,Metal Rack for Batteries,Metal Rack,MRB_483,18160603706
KYAN,NON-IT,Metal Rack for Batteries,Metal Rack,MRB_484,18160614506
KYAN,NON-IT,Metal Rack for Batteries,Metal Rack,MRB_485,18110306702
KYAN,NON-IT,Metal Rack for Batteries,Metal Rack,MRB_486,18110306909
KYAN,NON-IT,Metal Rack for Batteries,Metal Rack,MRB_487,18110210106
KYAN,NON-IT,Metal Rack for Batteries,Metal Rack,MRB_488,18110103001
KYAN,NON-IT,Metal Rack for Batteries,Metal Rack,MRB_489,18320717305
KYAN,NON-IT,Metal Rack for Batteries,Metal Rack,MRB_490,18240117601
KYAN,NON-IT,Metal Rack for Batteries,Metal Rack,MRB_491,18140101404
KYAN,NON-IT,Metal Rack for Batteries,Metal Rack,MRB_492,18140101709
KYAN,NON-IT,Metal Rack for Batteries,Metal Rack,MRB_493,18140241802
KYAN,NON-IT,Metal Rack for Batteries,Metal Rack,MRB_494,18260115702
KYAN,NON-IT,Metal Rack for Batteries,Metal Rack,MRB_495,18330705802
KYAN,NON-IT,Metal Rack for Batteries,Metal Rack,MRB_496,18331006904
KYAN,NON-IT,Metal Rack for Batteries,Metal Rack,MRB_497,18331003208
KYAN,NON-IT,Metal Rack for Batteries,Metal Rack,MRB_498,18331006803
KYAN,NON-IT,Metal Rack for Batteries,Metal Rack,MRB_499,18331004602
KYAN,NON-IT,Metal Rack for Batteries,Metal Rack,MRB_500,18331003002